,Unnamed: 0,sentence,text_no_eraab,pinglish_from_errab,pinglish_from_no_errab
162002,162002,گردشگران از اَرگ تاریخی بازدید کردند.,گردشگران از ارگ تاریخی بازدید کردند.,gardeSgaran ?az ?arge tArixi bAzdid kardand,gardeSgaran ?az ?arge tArixi bAzdid kardand
172723,172723,هیچ‌کس مثل سَر نمی‌تواند خانواده را هدایت کند.,هیچ‌کس مثل سر نمی‌تواند خانواده را هدایت کند.,hiC kas mesleye sar nemitavAnad xAnevAde rA hedAyat konad,hiC kas mesleye sar nemitavAnad xAnevAde rA hedAyat konad
164582,164582,اَشکال موجود باید برطرف شود.,اشکال موجود باید برطرف شود.,?eSkAle mojud bAyad bartaraf Savad,?eSkAle mojud bAyad bartaraf Savad
116627,116627,خیابان پَهْن بود.,خیابان پهن بود.,xiyAbAn pahn bud,xiyAbAn pahn bud
125271,125271,کِرَک‌های قدیمی را ترمیم کردند.,کرک‌های قدیمی را ترمیم کردند.,korkhAye qadimi rA tarmim kardand,korkhAye qadimi rA tarmim kardand
145353,145353,این طلا ۲۰ گِرَم وزن دارد.,این طلا ۲۰ گرم وزن دارد.,?in talA bist geram vazn dArad,?in talA bist geram vazn dArad
177157,177157,قِسْم همیشه در داستان‌های قدیمی ذکر شده‌است.,قسم همیشه در داستان‌های قدیمی ذکر شده‌است.,qesm hamiSe dar dAstAnhAye qadimi zekr Sodeast,qasam hamiSe dar dAstAnhAye qadimi zekr Sodeast
106132,106132,پَر طاووس زیباست.,پر طاووس زیباست.,pare tAvus zibAst,pare tAvus zibAst
39294,39294,او در دوران نوجوانی ورزشکار بود.,او در دوران نوجوانی ورزشکار بود.,?u dar dorAne nojavAni varzeSkAr bud,?u dar dorAne nojavAni varzeSkAr bud
54764,54764,هتل برای زُوّار آماده شده بود.,هتل برای زوار آماده شده بود.,hotel barAye zubAr ?AmAde Sode bud,hotel barAye zavAr ?AmAde Sode bud
55592,55592,صندلی زَوار در رفته است.,صندلی زوار در رفته است.,sandali zavAr dar rafte ?ast,sandali zavAr dar rafte ?ast
135783,135783,لباس کُلُفت برای زمستان است.,لباس کلفت برای زمستان است.,lebAse koloft barAye zemestAn ?ast,lebAse koloft barAye zemestAn ?ast
84954,84954,لَنگ و ناتوان از پله‌ها بالا رفت.,لنگ و ناتوان از پله‌ها بالا رفت.,lang va nAtavAn ?az pellehA bAlA raft,lang va nAtavAn ?az pellehA bAlA raft
151702,151702,گِله‌ات را قبول دارم.,گله‌ات را قبول دارم.,galleat rA qabul dAram,galleat rA qabul dAram
176040,176040,همه از فَر احترام می‌گذارند.,همه از فر احترام می‌گذارند.,hame ?az far ?ehterAm migozArand,hame ?az far ?ehterAm migozArand
12479,12479,در لحظه‌ای از بُهْت خشک شد.,در لحظه‌ای از بهت خشک شد.,dar lahzei ?az boht xoSk Sod,dar lahzei ?az boht xoSk Sod
30805,30805,قدرت خَلْق در ذهن انسان شگفت‌انگیز است.,قدرت خلق در ذهن انسان شگفت‌انگیز است.,qodrate xallaq dar zehne ?ensAn Segeftangiz ?ast,qodrate xalq dar zehne ?ensAn Segeftangiz ?ast
28317,28317,او با خَر بار را جابه‌جا کرد.,او با خر بار را جابه‌جا کرد.,?u bA xare bAr rA jAbejA kard,?u bA xare bAr rA jAbejA kard
145444,145444,بسته صد گِرَم وزن داشت.,بسته صد گرم وزن داشت.,baste sad geram vazn dASt,baste sad geram vazn dASt
68862,68862,صِیْد غیرمجاز ممنوع است.,صید غیرمجاز ممنوع است.,siyad qeyremojAz mamnu? ?ast,seyde qeyremojAz mamnu? ?ast
163866,163866,تمرین اُرگ هر روز ادامه دارد.,تمرین ارگ هر روز ادامه دارد.,tamrin ?orge har ruz ?edAme dArad,tamrin ?orge har ruz ?edAme dArad
185436,185436,وقتی اسم کُنده را می‌شنوم یاد کودکی‌ام می‌افتم.,وقتی اسم کنده را می‌شنوم یاد کودکی‌ام می‌افتم.,vaqti ?esme konde rA miSenavam yAd kudakiam mioftam,vaqti ?esme konde rA miSenavam yAd kudakiam mioftam
177012,177012,وقتی اسم قِسْم را می‌شنوم یاد کودکی‌ام می‌افتم.,وقتی اسم قسم را می‌شنوم یاد کودکی‌ام می‌افتم.,vaqti ?esme qasam rA miSenavam yAd kudakiam mioftam,vaqti ?esme qasam rA miSenavam yAd kudakiam mioftam
127164,127164,زمین را برای کِشت آماده کرد.,زمین را برای کشت آماده کرد.,zamin rA barAye keSt ?AmAde kard,zamin rA barAye keSt ?AmAde kard
23528,23528,باید جِرم جسم را اندازه گرفت.,باید جرم جسم را اندازه گرفت.,bAyad jerme jesm rA ?andAze gereft,bAyad jerme jesm rA ?andAze gereft
21474,21474,کتاب را در کیف تو گذاشتم.,کتاب را در کیف تو گذاشتم.,ketAb rA dar kife to gozAStam,ketAb rA dar kife to gozAStam
100141,100141,نَقل بارها به ماشین انجام شد.,نقل بارها به ماشین انجام شد.,noqle bArhA be mASin ?anjAm Sod,noqle bArhA be mASin ?anjAm Sod
154514,154514,گوشت را خوب پخت.,گوشت را خوب پخت.,guSt rA xub poxt,guSt rA xub poxt
113708,113708,از طریق پُست نامه آمد.,از طریق پست نامه آمد.,?az tariqe post nAme ?Amad,?az tariqe post nAme ?Amad
62625,62625,صدای غرش شیر ترسناک بود.,صدای غرش شیر ترسناک بود.,sedAye qorre Sir tarsnAk bud,sedAye qorre Sir tarsnAk bud
7058,7058,بُعد فیزیکی موضوع را بررسی کرد.,بعد فیزیکی موضوع را بررسی کرد.,ba?d fiziki mozu? ra barresi kard,ba?d fiziki mozu? ra barresi kard
152221,152221,پلیس گَنگ را متلاشی کرد.,پلیس گنگ را متلاشی کرد.,polis gong rA motelASi kard,polis gong rA motelASi kard
167526,167526,قوانین سخت‌گیرانه‌تر اِعمال شده‌اند.,قوانین سخت‌گیرانه‌تر اعمال شده‌اند.,qavAnine saxtgirAnetar ?a?mAl Sodeand,qavAnine saxtgirAnetar ?a?mAl Sodeand
33812,33812,او دُم بادبادک را بست.,او دم بادبادک را بست.,?u dome bAdbAdak rA bast,?u dome bAdbAdak rA bast
149471,149471,گِل دیوار ترک برداشت.,گل دیوار ترک برداشت.,gole divAr tarak bardASt,gole divAr tarak bardASt
176910,176910,قَسَم همیشه به فرزندانش مهربانی می‌کرد.,قسم همیشه به فرزندانش مهربانی می‌کرد.,qasam hamiSe be farzandAnaS mehrabAni mikard,qasam hamiSe be farzandAnaS mehrabAni mikard
88107,88107,یک مَرد میان‌سال کنار ایستاد.,یک مرد میان‌سال کنار ایستاد.,yek marde miyAnye sAl kenAreye ?istAd,yek marde miyAnye sAl kenAreye ?istAd
121301,121301,تمرین کُر داشتند.,تمرین کر داشتند.,tamrin kar dAStand,tamrin kar dAStand
143354,143354,سربازان در گُردان سازماندهی شدند.,سربازان در گردان سازماندهی شدند.,sarbAzAn dar gordAne sAzmAndehi Sodand,sarbAzAn dar gordAne sAzmAndehi Sodand
143398,143398,سربازان در گُردان سازماندهی شدند.,سربازان در گردان سازماندهی شدند.,sarbAzAn dar gordAne sAzmAndehi Sodand,sarbAzAn dar gordAne sAzmAndehi Sodand
90027,90027,او به وجود مَلَک‌ها ایمان دارد.,او به وجود ملک‌ها ایمان دارد.,?u bevojude malekhA ?imAn dArad,?u bevojude malekhA ?imAn dArad
51228,51228,او زِبَر همه ایستاد.,او زبر همه ایستاد.,?u zebre hameye ?istAd,?u zebre hameye ?istAd
73157,73157,امتحان طُوْل کشید.,امتحان طول کشید.,?emtehAne tul keSid,?emtehAne tul keSid
181696,181696,وقتی اسم پِلِّه را می‌شنوم یاد کودکی‌ام می‌افتم.,وقتی اسم پله را می‌شنوم یاد کودکی‌ام می‌افتم.,vaqti ?esme pelle rA miSenavam yAde kudakiam mioftam,vaqti ?esme pelle rA miSenavam yAde kudakiam mioftam
45,45,اپلیکیشن‌های اَپِل گرافیک بالایی دارند.,اپلیکیشن‌های اپل گرافیک بالایی دارند.,?aplikeySenhAye ?apel gerAfike bAlAyi dArand,?aplikeySenhAye ?apel gerAfike bAlAyi dArand
174304,174304,امروز درباره‌ی بُر در کلاس صحبت شد.,امروز درباره‌ی بر در کلاس صحبت شد.,?emruz darbAreye bar dar kelAs sohbat Sod,?emruz darbAreye bar dar kelAs sohbat Sod
37532,37532,خانه‌شان خیلی دور است.,خانه‌شان خیلی دور است.,xAneSAn xeyli dur ?ast,xAneSAn xeyli dur ?ast
133034,133034,کُل جمعیت تشویق کردند.,کل جمعیت تشویق کردند.,kole jam?iyyat taSviq kardand,kole jam?iyyat taSviq kardand
39733,39733,او در دوران نوجوانی ورزشکار بود.,او در دوران نوجوانی ورزشکار بود.,?u dar dorAne nojavAni varzeSkAr bud,?u dar dorAne nojavAni varzeSkAr bud
152990,152990,گَنگ در شهر نفوذ داشت.,گنگ در شهر نفوذ داشت.,gang dar Sahre nofuz dASt,gang dar Sahre nofuz dASt
33909,33909,دُم ماهی در آب تکان خورد.,دم ماهی در آب تکان خورد.,dome mAhi dar ?Ab tekAn xord,dome mAhi dar ?Ab tekAn xord
104296,104296,با شدت هُل خورد.,با شدت هل خورد.,bA Seddat hel xord,bA Seddat hel xord
142342,142342,توربین گَردان برق تولید می‌کند.,توربین گردان برق تولید می‌کند.,turbine gardAne barq tolid mikonad,turbine gardAne barq tolid mikonad
162818,162818,اطراف اَرگ خندقی عمیق قرار دارد.,اطراف ارگ خندقی عمیق قرار دارد.,?atrAf ?orge xandaqi ?amiq qarAr dArad,?atrAf ?orge xandaqi ?amiq qarAr dArad
173496,173496,همه از سَروَر احترام می‌گذارند.,همه از سرور احترام می‌گذارند.,hame ?az server ?ehterAm migozArand,hame ?az server ?ehterAm migozArand
45671,45671,زمین را تمیز رُفت.,زمین را تمیز رفت.,zamin rA tamiz raft,zamin rA tamiz raft
57174,57174,سِحر و افسون در داستان وجود داشت.,سحر و افسون در داستان وجود داشت.,sehr va ?afsun dar dAstAn vojud dASt,sehr va ?afsun dar dAstAn vojud dASt
83440,83440,در این بازی لِم خاصی دارد.,در این بازی لم خاصی دارد.,dar ?in bAzi lome xAsi dArad,dar ?in bAzi lome xAsi dArad
20515,20515,کاش تُو هم می‌آمدی.,کاش تو هم می‌آمدی.,kAS to ham miAmadi,kAS to ham miAmadi
148206,148206,به او یک گُل قرمز داد.,به او یک گل قرمز داد.,be ?u yek gole qermez dAd,be ?u yek gole qermez dAd
132508,132508,سرش کاملاً کَل شده بود.,سرش کاملا کل شده بود.,sereS kAmelan kel Sode bud,sereS kAmelan kel Sode bud
42044,42044,آرزویش رَسْتَن از سختی‌ها بود.,آرزویش رستن از سختی‌ها بود.,?ArezuyaS restan ?az saxtihA bud,?ArezuyaS restan ?az saxtihA bud
11870,11870,بِن در دانشگاه برتر درس می‌خواند.,بن در دانشگاه برتر درس می‌خواند.,ben dar dAneSgah bartar dars mixAnad,ben dar dAneSgah bartar dars mixAnad
155373,155373,حرفم را با گوشِت بشنو.,حرفم را با گوشت بشنو.,harfam rA bA guSt beSeno,harfam rA bA guSt beSeno
100398,100398,نَقل بیماران با آمبولانس بود.,نقل بیماران با آمبولانس بود.,noqle bimArAn bA ?AmbolAns bud,noqle bimArAn bA ?AmbolAns bud
143580,143580,سربازان در گُردان سازماندهی شدند.,سربازان در گردان سازماندهی شدند.,sarbAzAn dar gordAne sAzmAndehi Sodand,sarbAzAn dar gordAne sAzmAndehi Sodand
151899,151899,او از رفتارم گِله داشت.,او از رفتارم گله داشت.,?u ?az raftAram gele dASt,?u ?az raftAram gele dASt
86224,86224,برای تحقیق از مَراجِع معتبر استفاده کن.,برای تحقیق از مراجع معتبر استفاده کن.,barAye tahqiq ?az marAjeye?e mo?tabar ?estefAde kon,barAye tahqiq ?az marAjeye?e mo?tabar ?estefAde kon
125149,125149,با زلزله کِرَک ظاهر شد.,با زلزله کرک ظاهر شد.,bA zelzeleye kork zAher Sod,bA zelzeleye kork zAher Sod
20165,20165,کاش تُو هم می‌آمدی.,کاش تو هم می‌آمدی.,kAS to ham miAmadi,kAS to ham miAmadi
115343,115343,پَله زیادی پرداخت کرد.,پله زیادی پرداخت کرد.,pelleye ziyAdi pardAxt kard,pelleye ziyAdi pardAxt kard
47574,47574,موزه‌ای در رُم بازدید شد.,موزه‌ای در رم بازدید شد.,muzei dar rom bAzdid Sod,muzei dar rom bAzdid Sod
108749,108749,پُرْس درباره موضوع مهمی بود.,پرس درباره موضوع مهمی بود.,peres darbAreyeye mozuye?e mohemmi bud,peres darbAreyeye mozuye?e mohemmi bud
185191,185191,به نظر من کُنْد نقش مهمی در خانواده دارد.,به نظر من کند نقش مهمی در خانواده دارد.,benazare man kond naqSe mohemmi dar xAnevAde dArad,benazare man kond naqSe mohemmi dar xAnevAde dArad
172276,172276,همه از زُهره احترام می‌گذارند.,همه از زهره احترام می‌گذارند.,hame ?az zahre ?ehterAm migozArand,hame ?az zahre ?ehterAm migozArand
101465,101465,یک مشت نُقل به او داد.,یک مشت نقل به او داد.,yek moSt noql be ?u dAd,yek moSt noql be ?u dAd
2277,2277,پرنده‌ای بَر شاخه نشسته بود.,پرنده‌ای بر شاخه نشسته بود.,parande?i bar SAxeye naSoste bud,parande?i bar SAxeye naSoste bud
78828,78828,قِسْم خاصی را انتخاب کرد.,قسم خاصی را انتخاب کرد.,qesme xAsi rA ?entexAb kard,qesme xAsi rA ?entexAb kard
129733,129733,مسافران سوار کِشتی شدند.,مسافران سوار کشتی شدند.,mosaferAn savAre kaSti Sodand,mosaferAn savAre kaSti Sodand
143166,143166,گُردان به مرز اعزام شد.,گردان به مرز اعزام شد.,gordAn be marze ?e?zAm Sod,gordAn be marze ?e?zAm Sod
107247,107247,اتاق پُر از نور شد.,اتاق پر از نور شد.,?otAqe por ?az nur Sod,?otAqe por ?az nur Sod
82481,82481,روی صندلی راحتی لَم دادم.,روی صندلی راحتی لم دادم.,ruye sandaliye rAhati lam dAdam,ruye sandaliye rAhati lam dAdam
7253,7253,بُعد فیزیکی موضوع را بررسی کرد.,بعد فیزیکی موضوع را بررسی کرد.,ba?d fiziki mozu? ra barresi kard,ba?d fiziki mozu? ra barresi kard
161351,161351,او یک اَبَر پروژه را مدیریت می‌کند.,او یک ابر پروژه را مدیریت می‌کند.,?u yek ?abare proje ra modiriyyat mikonad,?u yek ?abare proje ra modiriyyat mikonad
186647,186647,کتابی درباره‌ی گُزیده خوانده‌ام که خیلی جالب بود.,کتابی درباره‌ی گزیده خوانده‌ام که خیلی جالب بود.,ketAbi darbAreye gozide xAnde ?am ke xeili jAleb bud,ketAbi darbAreye gozide xAnde ?am ke xeili jAleb bud
5772,5772,هر روز از یک بُرِس جدید استفاده می‌کند.,هر روز از یک برس جدید استفاده می‌کند.,har ruz ?az yek borese jadid ?estefAde mikonad,har ruz ?az yek borese jadid ?estefAde mikonad
154515,154515,گوشت تازه خریدیم.,گوشت تازه خریدیم.,guSte tAze xaridim,guSte tAze xaridim
10731,10731,بُن نظریه را باید درک کرد.,بن نظریه را باید درک کرد.,bene nazariye rA bAyad dark kard,bene nazariye rA bAyad dark kard
83819,83819,او همه لِم‌های مذاکره را می‌داند.,او همه لم‌های مذاکره را می‌داند.,?u hameye lamhAye mozAkere rA midAnad,?u hameye lamhAye mozAkere rA midAnad
102645,102645,نَه، نمی‌توانم بیایم.,نه، نمی‌توانم بیایم.,na nemitavAnam biyAyam,na nemitavAnam biyAyam
57352,57352,کتابی درباره سِحر و جادو خواند.,کتابی درباره سحر و جادو خواند.,ketAbi darbAreyeye sehr va jAdu xAnd,ketAbi darbAreyeye sehr va jAdu xAnd
38157,38157,ماشین دَوَران ناگهانی داشت.,ماشین دوران ناگهانی داشت.,mASin dorAne nAgahAni dASt,mASin dorAne nAgahAni dASt
22130,22130,اثبات جُرم دشوار بود.,اثبات جرم دشوار بود.,?esbAte jorm doSvAr bud,?esbAte jorm doSvAr bud
53070,53070,جرأت و زَهره‌اش کم است.,جرأت و زهره‌اش کم است.,jor?at va zahre?aS kam ?ast,jor?at va zahre?aS kam ?ast
118826,118826,چِک امضا شده بود.,چک امضا شده بود.,Cak ?emzA Sode bud,Cak ?emzA Sode bud
145201,145201,هر گِرَم طلا چقدر است؟,هر گرم طلا چقدر است؟,har geram talA Ceqadr ?ast,har geram talA Ceqadr ?ast
161858,161858,اَبَر مخترع قرن بیست و یکم شناخته شد.,ابر مخترع قرن بیست و یکم شناخته شد.,?abare moxtare? qarne bist ?o yekom SenAxte Sod,?abare moxtare? qarne bist ?o yekom SenAxte Sod
41395,41395,دِیْن بزرگی بر گردنش بود.,دین بزرگی بر گردنش بود.,deyine bozorgi bar gardanaS bud,deyne bozorgi bar gardanaS bud
172822,172822,هیچ‌کس مثل سَر نمی‌تواند خانواده را هدایت کند.,هیچ‌کس مثل سر نمی‌تواند خانواده را هدایت کند.,hiC kas mesleye sar nemitavAnad xAnevAde rA hedAyat konad,hiC kas mesleye sar nemitavAnad xAnevAde rA hedAyat konad
5611,5611,بُرِس گرد برای خشک‌کردن مو استفاده شد.,برس گرد برای خشک‌کردن مو استفاده شد.,borese gerd barAye xoSk kardane mu ?estefAde Sod,borese gerd barAye xoSk kardane mu ?estefAde Sod
50177,50177,دیوار زِبْر رنگ نشده بود.,دیوار زبر رنگ نشده بود.,divAre zebre rang naSode bud,divAr zabre rang naSode bud
4549,4549,ببینم کی می‌تونی بِرِس خونه.,ببینم کی می‌تونی برس خونه.,bebinam ki mituni beres xAne,bebinam ki mituni beres xAne
170778,170778,وقتی اسم دِیْن را می‌شنوم یاد کودکی‌ام می‌افتم.,وقتی اسم دین را می‌شنوم یاد کودکی‌ام می‌افتم.,vaqti ?esme din rA miSenavam yAd kudakiam mioftam,vaqti ?esme din rA miSenavam yAd kudakiam mioftam
29572,29572,او خِر ماشینش را تعمیر کرد.,او خر ماشینش را تعمیر کرد.,?u xare mASinaS rA ta?mir kard,?u xare mASinaS rA ta?mir kard
149287,149287,زمین پر از گِل بود.,زمین پر از گل بود.,zamin por ?az gel bud,zamin por ?az gel bud
138046,138046,او گودالی کَن.,او گودالی کن.,?u gudAli kon,?u gudAli kon
148983,148983,گُل نماد زیبایی است.,گل نماد زیبایی است.,gol namAde zibAyi ?ast,gol namAde zibAyi ?ast
31557,31557,خُلْق آرامش‌بخشش معروف است.,خلق آرامش‌بخشش معروف است.,xalleqe ?ArAmeSbaxSeSe ma?ruf ?ast,xalqe ?ArAmeSbaxSeSe ma?ruf ?ast
103733,103733,نُه گل در باغچه بود.,نه گل در باغچه بود.,na gol dar bAqCe bud,na gol dar bAqCe bud
76691,76691,عُذْرخواهی کرد و بخشیده شد.,عذرخواهی کرد و بخشیده شد.,?az naxAhi kard va baxSide Sod,?ozrxAhi kard va baxSide Sod
2841,2841,او کتاب را بَر میز گذاشت.,او کتاب را بر میز گذاشت.,?u ketAb rA bar miz gozASt,?u ketAb rA bar miz gozASt
159726,159726,دانشجو از ارائه پروژه خود اِبا نمود.,دانشجو از ارائه پروژه خود ابا نمود.,dAneSju ?az ?erA?eye projeye xod ?ebA nemud,dAneSju ?az ?erA?eye projeye xod ?ebA nemud
49634,49634,روش اتاق را تغییر دادیم.,روش اتاق را تغییر دادیم.,raveSe ?otAq rA taqir dAdim,raveSe ?otAq rA taqir dAdim
150109,150109,گَلّه به کوه رفت.,گله به کوه رفت.,galle be kuh raft,galle be kuh raft
51755,51755,او زِبَر همه ایستاد.,او زبر همه ایستاد.,?u zebre hameye ?istAd,?u zebre hameye ?istAd
64594,64594,ورزش برای کاهش شِکَم مفید است.,ورزش برای کاهش شکم مفید است.,varzeS barAye kAheSe Sekam mofid ?ast,varzeS barAye kAheSe Sekam mofid ?ast
113138,113138,از طریق پُست نامه آمد.,از طریق پست نامه آمد.,?az tariqe post nAme ?Amad,?az tariqe post nAme ?Amad
12660,12660,در لحظه‌ای از بُهْت خشک شد.,در لحظه‌ای از بهت خشک شد.,dar lahzei ?az boht xoSk Sod,dar lahzei ?az boht xoSk Sod
17482,17482,این ماشین توان حمل پنج تُن دارد.,این ماشین توان حمل پنج تن دارد.,?in mASin tavAne hamle panj tan dArad,?in mASin tavAne hamle panj tan dArad
100884,100884,نَقل دانشجو به دانشگاه دیگر.,نقل دانشجو به دانشگاه دیگر.,noqle dAneSju be dAneSgAhe digar,noqle dAneSju be dAneSgAhe digar
140102,140102,کَک او را نیش زد.,کک او را نیش زد.,kek ?u rA niS zad,kek ?u rA niS zad
39795,39795,دوران مدرسه فراموش‌نشدنی است.,دوران مدرسه فراموش‌نشدنی است.,dorAne madrese farAmuS naSodani ?ast,dorAne madrese farAmuS naSodani ?ast
23661,23661,جِرم فلزات با یکدیگر متفاوت است.,جرم فلزات با یکدیگر متفاوت است.,jerme felezAt bA yekdigar motAfevet ?ast,jerme felezAt bA yekdigar motAfevet ?ast
175720,175720,کتابی درباره‌ی عالِم خوانده‌ام که خیلی جالب بود.,کتابی درباره‌ی عالم خوانده‌ام که خیلی جالب بود.,ketAbi darbAreye ?Alam xAnde ?am ke xeili jAleb bud,ketAbi darbAreye ?Alam xAnde ?am ke xeili jAleb bud
24997,24997,کتابی که می‌جُستی پیدا شد.,کتابی که می‌جستی پیدا شد.,ketAbi ke mijosti peydA Sod,ketAbi ke mijosti peydA Sod
51341,51341,او زِبَر همه ایستاد.,او زبر همه ایستاد.,?u zebre hameye ?istAd,?u zebre hameye ?istAd
16631,16631,بر روی تَن خود لباس نظامی پوشید.,بر روی تن خود لباس نظامی پوشید.,bar ruye tane xod lebAse nezAmi puSid,bar ruye tane xod lebAse nezAmi puSid
188165,188165,دیروز با کَن صحبت کردم و چیزهای جالبی گفت.,دیروز با کن صحبت کردم و چیزهای جالبی گفت.,diruz bA kon sohbat kardam va CizhAye jAlebi goft,diruz bA kon sohbat kardam va CizhAye jAlebi goft
142034,142034,توربین گَردان برق تولید می‌کند.,توربین گردان برق تولید می‌کند.,turbine gardAne barq tolid mikonad,turbine gardAne barq tolid mikonad
145865,145865,۵۰۰ گِرَم پنیر خریدیم.,۵۰۰ گرم پنیر خریدیم.,pAnsad geram panir xaridim,pAnsad geram panir xaridim
10650,10650,بُن نظریه را باید درک کرد.,بن نظریه را باید درک کرد.,bene nazariye rA bAyad dark kard,bene nazariye rA bAyad dark kard
68163,68163,قانونی برای صِیْد وجود دارد.,قانونی برای صید وجود دارد.,qAnuni barAye sid vojud dArad,qAnuni barAye seyd vojud dArad
129540,129540,کِشتی باری در راه بود.,کشتی باری در راه بود.,kaStiye bAri dar rAh bud,kaStiye bAri dar rAh bud
51310,51310,پرنده زِبَر درخت نشسته بود.,پرنده زبر درخت نشسته بود.,parandeye zebre deraxt neSaste bud,parandeye zebre deraxt neSaste bud
129506,129506,مسافران سوار کِشتی شدند.,مسافران سوار کشتی شدند.,mosaferAn savAre kaSti Sodand,mosaferAn savAre kaSti Sodand
23387,23387,جِرم فلزات با یکدیگر متفاوت است.,جرم فلزات با یکدیگر متفاوت است.,jerme felezAt bA yekdigar motAfevet ?ast,jerme felezAt bA yekdigar motAfevet ?ast
168633,168633,حَشَر همیشه در داستان‌های قدیمی ذکر شده‌است.,حشر همیشه در داستان‌های قدیمی ذکر شده‌است.,haSar hamiSe dar dAstAnhAye qadimi zekr Sodeast,haSar hamiSe dar dAstAnhAye qadimi zekr Sodeast
27638,27638,پدر حَسَن او را صدا زد.,پدر حسن او را صدا زد.,pedare hasan ?u rA sedA zad,pedare hasan ?u rA sedA zad
118355,118355,او چِک داد.,او چک داد.,?u Cek dAd,?u Cek dAd
113050,113050,بسته را با پُست فرستاد.,بسته را با پست فرستاد.,baste rA bA post ferestAd,baste rA bA post ferestAd
102926,102926,نَه، من قبول ندارم.,نه، من قبول ندارم.,na man qabul nadAram,na man qabul nadAram
187687,187687,هیچ‌کس مثل گوشْت نمی‌تواند خانواده را هدایت کند.,هیچ‌کس مثل گوشت نمی‌تواند خانواده را هدایت کند.,hiC kas mesleye guSet nemitavAnad xAnevAde rA hedAyat konad,hiC kas mesleye guSt nemitavAnad xAnevAde rA hedAyat konad
82168,82168,روی صندلی راحتی لَم دادم.,روی صندلی راحتی لم دادم.,ruye sandaliye rAhati lam dAdam,ruye sandaliye rAhati lam dAdam
111646,111646,او همیشه پُز ماشینش را می‌دهد.,او همیشه پز ماشینش را می‌دهد.,?u hamiSe poze mASinaS rA midahad,?u hamiSe poze mASinaS rA midahad
86075,86075,بدون ذکر مَراجِع مقاله ناقص است.,بدون ذکر مراجع مقاله ناقص است.,beduneye zekr marAjeye?e maqAle nAqes ?ast,beduneye zekr marAjeye?e maqAle nAqes ?ast
89712,89712,بر اثر تصادف مُرد.,بر اثر تصادف مرد.,bar ?asare tasAdof mard,bar ?asare tasAdof mard
94293,94293,او انگشتش را مَک می‌زد.,او انگشتش را مک می‌زد.,?u ?angoStaS rA mak mizad,?u ?angoStaS rA mak mizad
120578,120578,با فردی کَر صحبت کردم.,با فردی کر صحبت کردم.,bA fardi kar sohbat kardam,bA fardi kar sohbat kardam
181079,181079,پِرِس همیشه در داستان‌های قدیمی ذکر شده‌است.,پرس همیشه در داستان‌های قدیمی ذکر شده‌است.,peres hamiSe dar dAstAnhAye qadimi zekr Sodeast,peres hamiSe dar dAstAnhAye qadimi zekr Sodeast
37168,37168,صدایش از دور می‌آمد.,صدایش از دور می‌آمد.,sedAS ?az dur miAmad,sedAS ?az dur miAmad
134454,134454,کُلْفَت ظرف‌ها را شست.,کلفت ظرف‌ها را شست.,koloft zarfhA rA Sost,kolfate zarfhA rA Sost
40383,40383,مطالعه دین‌های مختلف جالب است.,مطالعه دین‌های مختلف جالب است.,motAle?e dinhAye moxtalefe jAleb ?ast,motAle?e dinhAye moxtalefe jAleb ?ast
101559,101559,نُقل بادامی را دوست دارم.,نقل بادامی را دوست دارم.,noqle bAdAmi rA dust dAram,noqle bAdAmi rA dust dAram
47179,47179,پایتخت ایتالیا رُم است.,پایتخت ایتالیا رم است.,pAytaxte ?itAliyA rom ?ast,pAytaxte ?itAliyA rom ?ast
19640,19640,تُنگ پر از گل‌های زیبا بود.,تنگ پر از گل‌های زیبا بود.,tong por ?az golhAye zibA bud,tong por ?az golhAye zibA bud
35964,35964,برای دَه نفر غذا سفارش داد.,برای ده نفر غذا سفارش داد.,barAye dah nafar qazA sefAreS dAd,barAye dah nafar qazA sefAreS dAd
79518,79518,با قَسَم حرفش را شروع کرد.,با قسم حرفش را شروع کرد.,bA qasam harfaS rA Soru? kard,bA qasam harfaS rA Soru? kard
150279,150279,گَلّه گوسفندان در حال چرا بود.,گله گوسفندان در حال چرا بود.,galleye gusfandAn dar hAle CerA bud,galleye gusfandAn dar hAle CerA bud
91103,91103,مالک مِلْک تغییر کرد.,مالک ملک تغییر کرد.,mAleke melk taqir kard,mAleke melk taqir kard
144091,144091,اتاق بسیار گَرْم بود.,اتاق بسیار گرم بود.,?otAq besyAr garm bud,?otAq besyAr garm bud
45041,45041,خانه را از غبار رُفت.,خانه را از غبار رفت.,xAne rA ?az qobAr raft,xAne rA ?az qobAr raft
189478,189478,امروز درباره‌ی تُنگ در کلاس صحبت شد.,امروز درباره‌ی تنگ در کلاس صحبت شد.,?emruz darbAreye tang dar kelAs sohbat Sod,?emruz darbAreye tang dar kelAs sohbat Sod
120470,120470,کَر مادرزاد است.,کر مادرزاد است.,kare mAdarzAd ?ast,kare mAdarzAd ?ast
21784,21784,صدایی از تو اتاق می‌آمد.,صدایی از تو اتاق می‌آمد.,sedAyi ?az to dar ?otAq miAmad,sedAyi ?az to dar ?otAq miAmad
12765,12765,در لحظه‌ای از بُهْت خشک شد.,در لحظه‌ای از بهت خشک شد.,dar lahzei ?az boht xoSk Sod,dar lahzei ?az boht xoSk Sod
169443,169443,اِپُل در فرهنگ ما جایگاه ویژه‌ای دارد.,اپل در فرهنگ ما جایگاه ویژه‌ای دارد.,?apel dar farhange mA jAygAhe vizhei dArad,?apel dar farhange mA jAygAhe vizhei dArad
82100,82100,به دیوار لَم داده بود.,به دیوار لم داده بود.,be divAr lam dAde bud,be divAr lam dAde bud
137041,137041,کسی با من کَلَّم نکرد.,کسی با من کلم نکرد.,kasi bA man kalam nakard,kasi bA man kalam nakard
28,28,اَپِل همیشه طراحی خاصی دارد.,اپل همیشه طراحی خاصی دارد.,?apel hamiSe tarrAhiye xAsi dArad,?apel hamiSe tarrAhiye xAsi dArad
135647,135647,کاغذ کُلُفت استفاده کرد.,کاغذ کلفت استفاده کرد.,kAqaze koloft ?estefAde kard,kAqaze koloft ?estefAde kard
92321,92321,برای ورود مُهر لازم است.,برای ورود مهر لازم است.,barAye vorude mohr lAzem ?ast,barAye vorude mohr lAzem ?ast
152198,152198,درگیری بین دو گَنگ رخ داد.,درگیری بین دو گنگ رخ داد.,dargiri beyne do gang rox dAd,dargiri beyne do gang rox dAd
98784,98784,او زمین را می‌کَنَد.,او زمین را می‌کند.,?u zamin rA mikanad,?u zamin rA mikanad
21944,21944,چیزی تو جیبم احساس می‌کنم.,چیزی تو جیبم احساس می‌کنم.,Cizi to jibam ?ehsAs mikanam,Cizi to jibam ?ehsAs mikanam
74917,74917,حکومت باید با عَدْل رفتار کند.,حکومت باید با عدل رفتار کند.,hokumat bAyad bA ?adal raftAr konad,hokumat bAyad bA ?adl raftAr konad
62255,62255,شیر وحشی حمله کرد.,شیر وحشی حمله کرد.,Sire vahSi hamle kard,Sire vahSi hamle kard
146728,146728,او را مار گَزیده بود.,او را مار گزیده بود.,?u rA mAr gazide bud,?u rA mAr gazide bud
62736,62736,صدای غرش شیر ترسناک بود.,صدای غرش شیر ترسناک بود.,sedAye qorre Sir tarsnAk bud,sedAye qorre Sir tarsnAk bud
22710,22710,اثبات جُرم دشوار بود.,اثبات جرم دشوار بود.,?esbAte jorm doSvAr bud,?esbAte jorm doSvAr bud
23823,23823,باید جِرم جسم را اندازه گرفت.,باید جرم جسم را اندازه گرفت.,bAyad jerme jesm rA ?andAze gereft,bAyad jerme jesm rA ?andAze gereft
79711,79711,با قَسَم حرفش را شروع کرد.,با قسم حرفش را شروع کرد.,bA qasam harfaS rA Soru? kard,bA qasam harfaS rA Soru? kard
146297,146297,پای گَزیده را شستند.,پای گزیده را شستند.,pAye gazide rA Sostand,pAye gazide rA Sostand
13356,13356,اگه بِهِت بگم چی می‌شه؟,اگه بهت بگم چی می‌شه؟,?age boht begam Ci miSe,?age boht begam Ci miSe
138645,138645,کَن کردن خاک زمان برد.,کن کردن خاک زمان برد.,kon kardane xAk zamAne bord,kon kardane xAk zamAne bord
72409,72409,او در طُول روز خسته شد.,او در طول روز خسته شد.,?u dar tule ruz xaste Sod,?u dar tule ruz xaste Sod
20787,20787,همیشه به تُو اعتماد داشتم.,همیشه به تو اعتماد داشتم.,hamiSe be to ?e?temAd dAStam,hamiSe be to ?e?temAd dAStam
181908,181908,امروز درباره‌ی پَهْن در کلاس صحبت شد.,امروز درباره‌ی پهن در کلاس صحبت شد.,?emruz darbAreye pahn dar kelAs sohbat Sod,?emruz darbAreye pahn dar kelAs sohbat Sod
101030,101030,در عروسی نُقل پخش کردند.,در عروسی نقل پخش کردند.,dar ?arusi noql paxS kardand,dar ?arusi noql paxS kardand
62954,62954,صدای غرش شیر ترسناک بود.,صدای غرش شیر ترسناک بود.,sedAye qorre Sir tarsnAk bud,sedAye qorre Sir tarsnAk bud
137321,137321,او کَلَّم و قانع شد.,او کلم و قانع شد.,?u kalam va qAne? Sod,?u kalam va qAne? Sod
9794,9794,او از رفتار بِلا ناراحت شد.,او از رفتار بلا ناراحت شد.,?u ?az raftAre balA nArAhat Sod,?u ?az raftAre balA nArAhat Sod
38934,38934,ماشین دَوَران ناگهانی داشت.,ماشین دوران ناگهانی داشت.,mASin dorAne nAgahAni dASt,mASin dorAne nAgahAni dASt
54772,54772,زُوّار از شهرهای مختلف آمدند.,زوار از شهرهای مختلف آمدند.,zu?Ar ?az SahrhAye moxtalef ?Amadand,zavAr ?az SahrhAye moxtalef ?Amadand
128450,128450,تمرین کُشتی روزانه دارد.,تمرین کشتی روزانه دارد.,tamrine koSti ruzAne dArad,tamrine koSti ruzAne dArad
37475,37475,از اینجا تا آنجا راه دوری است.,از اینجا تا آنجا راه دوری است.,?az ?injA tA ?AnjA rAh duri ?ast,?az ?injA tA ?AnjA rAh duri ?ast
49310,49310,روش اتاق را تغییر دادیم.,روش اتاق را تغییر دادیم.,raveSe ?otAq rA taqir dAdim,raveSe ?otAq rA taqir dAdim
135079,135079,دیوار بسیار کُلُفت بود.,دیوار بسیار کلفت بود.,divAr besyAr koloft bud,divAr besyAr koloft bud
31001,31001,خُلْق نیکو باعث محبوبیت می‌شود.,خلق نیکو باعث محبوبیت می‌شود.,xolqe niku bA?es mahbubiyyat miSavad,xolqe niku bA?es mahbubiyyat miSavad
116583,116583,اتاقی پَهْن داشتند.,اتاقی پهن داشتند.,?otAqi pahn dAStand,?otAqi pahn dAStand
173778,173778,امروز درباره‌ی سِروِر در کلاس صحبت شد.,امروز درباره‌ی سرور در کلاس صحبت شد.,?emruz darbAreye sarvar dar kelAs sohbat Sod,?emruz darbAreye sarvar dar kelAs sohbat Sod
123505,123505,کُره خاکی در فضا می‌چرخد.,کره خاکی در فضا می‌چرخد.,korreye xAki dar fazA miCarxad,korreye xAki dar fazA miCarxad
143870,143870,سربازان در گُردان سازماندهی شدند.,سربازان در گردان سازماندهی شدند.,sarbAzAn dar gordAne sAzmAndehi Sodand,sarbAzAn dar gordAne sAzmAndehi Sodand
102117,102117,نَه، این کار درست نیست.,نه، این کار درست نیست.,na ?in kAr dorost nist,na ?in kAr dorost nist
22920,22920,او منکر جُرم خود شد.,او منکر جرم خود شد.,?u monkere jorme xod Sod,?u monkere jorme xod Sod
55119,55119,زَوار درِ چوبی شل شده.,زوار در چوبی شل شده.,zavAr dar Cubi Sol Sode,zavAr dar Cubi Sol Sode
31399,31399,در شرایط سخت خُلْق واقعی افراد نمایان می‌شود.,در شرایط سخت خلق واقعی افراد نمایان می‌شود.,dar SarAyete saxt xolqe vAqeye?iye ?afrAd namAyAn miSavad,dar SarAyete saxt xolqe vAqeye?iye ?afrAd namAyAn miSavad
178244,178244,همه از مُرد احترام می‌گذارند.,همه از مرد احترام می‌گذارند.,hame ?az mard ?ehterAm migozArand,hame ?az mard ?ehterAm migozArand
125887,125887,کِرَک کف اتاق دیده می‌شد.,کرک کف اتاق دیده می‌شد.,karake kafe ?otAq dide miSod,karake kafe ?otAq dide miSod
77791,77791,با وجود عِذْر امکان بارداری نیست.,با وجود عذر امکان بارداری نیست.,bA vojude ?azr ?emkAne bArdAri nist,bA vojude ?ozr ?emkAne bArdAri nist
66972,66972,ضَرْب او باعث شکست شد.,ضرب او باعث شکست شد.,zarbe ?u bA?ese Sekast Sod,zarbe ?u bA?ese Sekast Sod
57920,57920,کتابی درباره سِحر و جادو خواند.,کتابی درباره سحر و جادو خواند.,ketAbi darbAreyeye sehr va jAdu xAnd,ketAbi darbAreyeye sehr va jAdu xAnd
106876,106876,پَر پرنده افتاد.,پر پرنده افتاد.,pare parande ?oftAd,pare parande ?oftAd
95669,95669,حرکت مُک بود و پیش نمی‌رفت.,حرکت مک بود و پیش نمی‌رفت.,harekate mak bud va piS nemiraft,harekate mak bud va piS nemiraft
17302,17302,قیمت هر تُن گندم بالا رفت.,قیمت هر تن گندم بالا رفت.,qeymate har ton gandum bAlA raft,qeymate har ton gandum bAlA raft
45984,45984,زمین را تمیز رُفت.,زمین را تمیز رفت.,zamin rA tamiz raft,zamin rA tamiz raft
23432,23432,دانش‌آموزان درباره جِرم و حجم آموختند.,دانش‌آموزان درباره جرم و حجم آموختند.,dAneSAmuzAn darbAreyeye jerm va hajme ?Amuxtand,dAneSAmuzAn darbAreyeye jerm va hajme ?Amuxtand
98080,98080,با بیل چاله را می‌کَنَد.,با بیل چاله را می‌کند.,bA bile CAle rA mikanad,bA bile CAle rA mikanad
56071,56071,نماز سَحَر آرامش دارد.,نماز سحر آرامش دارد.,namAze sahar ?ArAmeS dArad,namAze sahar ?ArAmeS dArad
34350,34350,مردم دِه مهمان‌نواز بودند.,مردم ده مهمان‌نواز بودند.,mardome deh mehmAnnavAz budand,mardome deh mehmAnnavAz budand
34705,34705,دِه زیبایی در کوهستان بود.,ده زیبایی در کوهستان بود.,dehe zibAyi dar kuhestAn bud,dehe zibAyi dar kuhestAn bud
125108,125108,روی شیشه کِرَک افتاده بود.,روی شیشه کرک افتاده بود.,ruye SiSeye karak ?oftAde bud,ruye SiSeye karak ?oftAde bud
87839,87839,اتاق انتظار پُر از مُراجِع بود.,اتاق انتظار پر از مراجع بود.,?otAqe ?entezAr por ?az morAje bud,?otAqe ?entezAr por ?az morAje bud
31097,31097,او خُلْق خوبی ندارد.,او خلق خوبی ندارد.,?u xolqe xubi nadArad,?u xolqe xubi nadArad
84111,84111,بعد از تصادف لَنگ شد.,بعد از تصادف لنگ شد.,ba?d ?az tasAdof lang Sod,ba?d ?az tasAdof lang Sod
19594,19594,تُنگ بلوری روی میز بود.,تنگ بلوری روی میز بود.,tonge boluri ruye miz bud,tonge boluri ruye miz bud
182274,182274,کَر همیشه به فرزندانش مهربانی می‌کرد.,کر همیشه به فرزندانش مهربانی می‌کرد.,kar hamiSe be farzandAnaS mehrabAni mikard,kar hamiSe be farzandAnaS mehrabAni mikard
118126,118126,چِک امضا شده بود.,چک امضا شده بود.,Cak ?emzA Sode bud,Cak ?emzA Sode bud
83576,83576,در این بازی لِم خاصی دارد.,در این بازی لم خاصی دارد.,dar ?in bAzi lome xAsi dArad,dar ?in bAzi lome xAsi dArad
33255,33255,تصویر دُم پرنده زیبا بود.,تصویر دم پرنده زیبا بود.,tasvire dame parande zibA bud,tasvire dame parande zibA bud
37957,37957,از اینجا تا آنجا راه دوری است.,از اینجا تا آنجا راه دوری است.,?az ?injA tA ?AnjA rAh duri ?ast,?az ?injA tA ?AnjA rAh duri ?ast
127388,127388,برای کِشت باران مفید است.,برای کشت باران مفید است.,barAye keSte bArAn mofid ?ast,barAye keSte bArAn mofid ?ast
46214,46214,سگ‌ها با صدای انفجار رَم کردند.,سگ‌ها با صدای انفجار رم کردند.,sehA bA sedAye ?enfejAr ram kardand,sehA bA sedAye ?enfejAr ram kardand
114419,114419,او از پِلِّه افتاد.,او از پله افتاد.,?u ?az pelle ?oftAd,?u ?az pelle ?oftAd
162127,162127,اطراف اَرگ خندقی عمیق قرار دارد.,اطراف ارگ خندقی عمیق قرار دارد.,?atrAf ?orge xandaqi ?amiq qarAr dArad,?atrAf ?orge xandaqi ?amiq qarAr dArad
184672,184672,همه از کُلُفت احترام می‌گذارند.,همه از کلفت احترام می‌گذارند.,hame ?az kolfat ?ehterAm migozArand,hame ?az kolfat ?ehterAm migozArand
125552,125552,روی شیشه کِرَک افتاده بود.,روی شیشه کرک افتاده بود.,ruye SiSeye karak ?oftAde bud,ruye SiSeye karak ?oftAde bud
53009,53009,زَهره‌اش از ترس پرید.,زهره‌اش از ترس پرید.,zahreaS ?az tars parid,zahreaS ?az tars parid
93731,93731,مِهر و محبتش را حس کردم.,مهر و محبتش را حس کردم.,mehr ?o mohabbataS rA hes kardam,mehr ?o mohabbataS rA hes kardam
96832,96832,مِیل درونی‌اش آشکار شد.,میل درونی‌اش آشکار شد.,meyle daruniaS ?ASkAr Sod,meyle daruniaS ?ASkAr Sod
55239,55239,پایه میز زَوار دارد.,پایه میز زوار دارد.,pAyeye miz zavAr dArad,pAyeye miz zavAr dArad
185730,185730,دیروز با کَک صحبت کردم و چیزهای جالبی گفت.,دیروز با کک صحبت کردم و چیزهای جالبی گفت.,diruz bA kak sohbat kardam va CizhAye jAlebi goft,diruz bA kak sohbat kardam va CizhAye jAlebi goft
178302,178302,مُرد همیشه به فرزندانش مهربانی می‌کرد.,مرد همیشه به فرزندانش مهربانی می‌کرد.,mard hamiSe be farzandAnaS mehrabAni mikard,mard hamiSe be farzandAnaS mehrabAni mikard
183475,183475,دیروز با کِشتی صحبت کردم و چیزهای جالبی گفت.,دیروز با کشتی صحبت کردم و چیزهای جالبی گفت.,diruz bA keSti sohbat kardam va CizhAye jAlebi goft,diruz bA keSti sohbat kardam va CizhAye jAlebi goft
99959,99959,او همیشه تلاش می‌کُنَد.,او همیشه تلاش می‌کند.,?u hamiSe talAS mikonad,?u hamiSe talAS mikonad
179203,179203,بُن همیشه در داستان‌های قدیمی ذکر شده‌است.,بن همیشه در داستان‌های قدیمی ذکر شده‌است.,ben hamiSe dar dAstAnhAye qadimi zekr Sodeast,ben hamiSe dar dAstAnhAye qadimi zekr Sodeast
112164,112164,این رفتار خیلی پَست بود.,این رفتار خیلی پست بود.,?in raftAr xeyli past bud,?in raftAr xeyli past bud
87548,87548,اتاق انتظار پُر از مُراجِع بود.,اتاق انتظار پر از مراجع بود.,?otAqe ?entezAr por ?az morAje bud,?otAqe ?entezAr por ?az morAje bud
32089,32089,دَم در ایستاده بود.,دم در ایستاده بود.,dome dar ?istAde bud,dome dar ?istAde bud
35363,35363,عدد دَه عددی زوج است.,عدد ده عددی زوج است.,?adade dah ?adadiye zoj ?ast,?adade dah ?adadiye zoj ?ast
49554,49554,نور خورشید باعث روش خانه شد.,نور خورشید باعث روش خانه شد.,nure xorSid bA?ese raveSe xAne Sod,nure xorSid bA?ese raveSe xAne Sod
35667,35667,دَه کتاب در کیفش بود.,ده کتاب در کیفش بود.,dah ketAb dar kifaS bud,dah ketAb dar kifaS bud
4950,4950,منتظر باش تا او بِرِس.,منتظر باش تا او برس.,montazer bAS tA ?u beres,montazer bAS tA ?u beres
85384,85384,لِنگ مصنوعی داشت.,لنگ مصنوعی داشت.,long masnu?i dASt,long masnu?i dASt
116523,116523,خیابان پَهْن بود.,خیابان پهن بود.,xiyAbAn pahn bud,xiyAbAn pahn bud
53095,53095,آن‌قدر شجاع نیست که زَهره داشته باشد.,آن‌قدر شجاع نیست که زهره داشته باشد.,?Anqadr SojA? nist ke zohre dASte bASad,?Anqadr SojA? nist ke zohre dASte bASad
47722,47722,پایتخت ایتالیا رُم است.,پایتخت ایتالیا رم است.,pAytaxte ?itAliyA rom ?ast,pAytaxte ?itAliyA rom ?ast
21907,21907,صدایی از تو اتاق می‌آمد.,صدایی از تو اتاق می‌آمد.,sedAyi ?az to dar ?otAq miAmad,sedAyi ?az to dar ?otAq miAmad
63791,63791,او با بیسکوییت شِیر خورد.,او با بیسکوییت شیر خورد.,?u bA biskovit Sir xord,?u bA biskovit Sir xord
59633,59633,سِیر در طبیعت لذت‌بخش است.,سیر در طبیعت لذت‌بخش است.,seyr dar tabi?at lezzatbaxS ?ast,seyr dar tabi?at lezzatbaxS ?ast
123971,123971,کُره زمین گرد است.,کره زمین گرد است.,koreye zamin gerde ?ast,koreye zamin gerde ?ast
69778,69778,صَیْد در کنار مدیترانه واقع شده.,صید در کنار مدیترانه واقع شده.,seyyed dar kenAreye meditarAne vAqe? Sode,seyd dar kenAreye meditarAne vAqe? Sode
144243,144243,اتاق بسیار گَرْم بود.,اتاق بسیار گرم بود.,?otAq besyAr garm bud,?otAq besyAr garm bud
8105,8105,او از بَلا نجات یافت.,او از بلا نجات یافت.,?u ?az balA nejAt yAft,?u ?az balA nejAt yAft
36990,36990,نقاشی دُور دایره‌ای بود.,نقاشی دور دایره‌ای بود.,naqqASi dore dAyerei bud,naqqASi dore dAyerei bud
31579,31579,خُلْق آرامش‌بخشش معروف است.,خلق آرامش‌بخشش معروف است.,xalleqe ?ArAmeSbaxSeSe ma?ruf ?ast,xalqe ?ArAmeSbaxSeSe ma?ruf ?ast
126577,126577,او بی‌گناه را کُشت.,او بی‌گناه را کشت.,?u bigonAh rA koSt,?u bigonAh rA koSt
9551,9551,او از رفتار بِلا ناراحت شد.,او از رفتار بلا ناراحت شد.,?u ?az raftAre balA nArAhat Sod,?u ?az raftAre balA nArAhat Sod
58555,58555,او با یک لقمه سیر شد.,او با یک لقمه سیر شد.,?u bA yek loqme sir Sod,?u bA yek loqme sir Sod
172265,172265,وقتی اسم زُهره را می‌شنوم یاد کودکی‌ام می‌افتم.,وقتی اسم زهره را می‌شنوم یاد کودکی‌ام می‌افتم.,vaqti ?esme zahre rA miSenavam yAde kudakiam mioftam,vaqti ?esme zahre rA miSenavam yAde kudakiam mioftam
69306,69306,صَیْد شهری تاریخی در لبنان است.,صید شهری تاریخی در لبنان است.,seyyed Sahriye tArixi dar lobnAn ?ast,seyyed Sahriye tArixi dar lobnAn ?ast
16924,16924,شاعر از زیبایی تَن گفت.,شاعر از زیبایی تن گفت.,SA?er ?az zibAyi tan goft,SA?er ?az zibAyi tan goft
7908,7908,بُعد فیزیکی موضوع را بررسی کرد.,بعد فیزیکی موضوع را بررسی کرد.,ba?d fiziki mozu? ra barresi kard,ba?d fiziki mozu? ra barresi kard
174782,174782,امروز درباره‌ی شُل در کلاس صحبت شد.,امروز درباره‌ی شل در کلاس صحبت شد.,?emruz darbAreye Sol dar kelAs sohbat Sod,?emruz darbAreye Sol dar kelAs sohbat Sod
141761,141761,او به خاطر مصرف کُک دستگیر شد.,او به خاطر مصرف کک دستگیر شد.,?u bexAtere masrafe kake dastgir Sod,?u bexAtere masrafe kake dastgir Sod
91110,91110,این مِلْک برای فروش است.,این ملک برای فروش است.,?in melak barAye foruS ?ast,?in melk barAye foruS ?ast
49226,49226,روش اتاق را تغییر دادیم.,روش اتاق را تغییر دادیم.,raveSe ?otAq rA taqir dAdim,raveSe ?otAq rA taqir dAdim
2221,2221,بَر همه چیز نظارت داشت.,بر همه چیز نظارت داشت.,bar hameCiz nezArat dASt,bar hameCiz nezArat dASt
53910,53910,زَهره ترسِ زیادی دارد.,زهره ترس زیادی دارد.,zahretars ziyAdi dArad,zahretars ziyAdi dArad
12227,12227,در بُهْت کامل به او خیره شد.,در بهت کامل به او خیره شد.,dar behet kAmel be ?u xire Sod,dar boht kAmel be ?u xire Sod
160728,160728,پرندگان زیر اَبر پرواز می‌کردند.,پرندگان زیر ابر پرواز می‌کردند.,parandegAn zire ?abare parvAz mikardand,parandegAn zire ?abare parvAz mikardand
165039,165039,مجموعه‌ای از اِشکال در کیف او بود.,مجموعه‌ای از اشکال در کیف او بود.,majmu?ei ?az ?eSkAl dar kife ?u bud,majmu?ei ?az ?eSkAl dar kife ?u bud
168817,168817,هیچ‌کس مثل خِر نمی‌تواند خانواده را هدایت کند.,هیچ‌کس مثل خر نمی‌تواند خانواده را هدایت کند.,hiC kas mesleye xar nemitavAnad xAnevAde rA hedAyat konad,hiC kas mesleye xar nemitavAnad xAnevAde rA hedAyat konad
12978,12978,خبر ناگهانی او را در بُهْت فرو برد.,خبر ناگهانی او را در بهت فرو برد.,xabare nAgahAniye ?u rA dar boht foru bord,xabare nAgahAniye ?u rA dar boht foru bord
82156,82156,به دیوار لَم داده بود.,به دیوار لم داده بود.,be divAr lam dAde bud,be divAr lam dAde bud
31514,31514,خُلْق تندش دیگران را اذیت می‌کند.,خلق تندش دیگران را اذیت می‌کند.,xalleqe tondaS digarAn rA ?aziyat mikonad,xolqe tondaS digarAn rA ?aziyat mikonad
88231,88231,پدرم مَرد مهربانی است.,پدرم مرد مهربانی است.,pedaram marde mehrabAni ?ast,pedaram marde mehrabAni ?ast
12715,12715,در بُهْت کامل به او خیره شد.,در بهت کامل به او خیره شد.,dar behet kAmel be ?u xire Sod,dar boht kAmel be ?u xire Sod
83459,83459,لِم این کار در دقت است.,لم این کار در دقت است.,lam ?in kAr dar deqqat ?ast,lam ?in kAr dar deqqat ?ast
83233,83233,لِم مقاله‌نویسی را یاد گرفت.,لم مقاله‌نویسی را یاد گرفت.,lame maqAlenevisi rA yAd gereft,lame maqAlenevisi rA yAd gereft
109332,109332,او در کارخانه پِرِس کار می‌کند.,او در کارخانه پرس کار می‌کند.,?u dar kArxAne perese kAr mikonad,?u dar kArxAne perese kAr mikonad
137125,137125,مدتی با هم کَلَّم کردند.,مدتی با هم کلم کردند.,modati bA ham kalam kardand,modati bA ham kalam kardand
127567,127567,فصل کِشت گندم است.,فصل کشت گندم است.,fasle keSte gandum ?ast,fasle keSte gandum ?ast
124398,124398,روی مبل کُرْک نشسته بود.,روی مبل کرک نشسته بود.,ruye mobl karak neSaste bud,ruye moble karak neSaste bud
28631,28631,خَر خاکستری در جاده بود.,خر خاکستری در جاده بود.,xare xAkestari dar jAdde bud,xare xAkestari dar jAdde bud
17467,17467,قیمت هر تُن گندم بالا رفت.,قیمت هر تن گندم بالا رفت.,qeymate har ton gandum bAlA raft,qeymate har ton gandum bAlA raft
118553,118553,او چِک داد.,او چک داد.,?u Cek dAd,?u Cek dAd
190156,190156,به نظر من جُرم نقش مهمی در خانواده دارد.,به نظر من جرم نقش مهمی در خانواده دارد.,benazare man jorm naqSe mohemmi dar xAnevAde dArad,benazare man jorm naqSe mohemmi dar xAnevAde dArad
166771,166771,کتاب دربارهٔ اَعمال درست و نادرست است.,کتاب دربارهٔ اعمال درست و نادرست است.,ketAb darbAreyeye ?a?mAle dorost va nAdorost ?ast,ketAb darbAreyeye ?a?mAle dorost va nAdorost ?ast
168176,168176,کتابی درباره‌ی اَبا خوانده‌ام که خیلی جالب بود.,کتابی درباره‌ی ابا خوانده‌ام که خیلی جالب بود.,ketAbi darbAreye ?ebA xAnde ?am ke xeili jAleb bud,ketAbi darbAreye ?ebA xAnde ?am ke xeili jAleb bud
136761,136761,سالاد با کَلَم درست شد.,سالاد با کلم درست شد.,sAlAd bA kalam dorost Sod,sAlAd bA kalam dorost Sod
23536,23536,دانش‌آموزان درباره جِرم و حجم آموختند.,دانش‌آموزان درباره جرم و حجم آموختند.,dAneSAmuzAn darbAreyeye jerm va hajme ?Amuxtand,dAneSAmuzAn darbAreyeye jerm va hajme ?Amuxtand
78638,78638,این قِسْم کتاب را دوست دارم.,این قسم کتاب را دوست دارم.,?in qesm ketAb rA dust dAram,?in qesme ketAb rA dust dAram
10017,10017,بُن نظریه را باید درک کرد.,بن نظریه را باید درک کرد.,bene nazariye rA bAyad dark kard,bene nazariye rA bAyad dark kard
105959,105959,در قهوه هِل ریخت.,در قهوه هل ریخت.,dar qahveye hel rixt,dar qahveye hel rixt
159885,159885,دانشجو از ارائه پروژه خود اِبا نمود.,دانشجو از ارائه پروژه خود ابا نمود.,dAneSju ?az ?erA?eye projeye xod ?ebA nemud,dAneSju ?az ?erA?eye projeye xod ?ebA nemud
27157,27157,نامه‌ای برای حَسَن فرستاده شد.,نامه‌ای برای حسن فرستاده شد.,nAme?i barAye hosne ferestAde Sod,nAme?i barAye hosne ferestAde Sod
71324,71324,ضَمْن اجرای پروژه تعهد داد.,ضمن اجرای پروژه تعهد داد.,zemneye ?ejrAye proje ta?ahhod dAd,zemneye ?ejrAye proje ta?ahhod dAd
146497,146497,پای گَزیده را شستند.,پای گزیده را شستند.,pAye gazide rA Sostand,pAye gazide rA Sostand
137455,137455,مدتی با هم کَلَّم کردند.,مدتی با هم کلم کردند.,modati bA ham kalam kardand,modati bA ham kalam kardand
141726,141726,قاچاق کُک جرم سنگینی دارد.,قاچاق کک جرم سنگینی دارد.,qACAqe kak jorme sangini dArad,qACAqe kak jorme sangini dArad
149591,149591,کفش‌ها گِلی شده‌اند.,کفش‌ها گلی شده‌اند.,kafSA geli Sodeand,kafSA geli Sodeand
10832,10832,بُن ساختمان تقویت شده.,بن ساختمان تقویت شده.,bene sAxtemAne taqviyat Sode,bene sAxtemAne taqviyat Sode
100123,100123,نَقل بارها به ماشین انجام شد.,نقل بارها به ماشین انجام شد.,noqle bArhA be mASin ?anjAm Sod,noqle bArhA be mASin ?anjAm Sod
57279,57279,کتابی درباره سِحر و جادو خواند.,کتابی درباره سحر و جادو خواند.,ketAbi darbAreyeye sehr va jAdu xAnd,ketAbi darbAreyeye sehr va jAdu xAnd
26007,26007,همه از حُسْن سلیقه‌اش تعریف کردند.,همه از حسن سلیقه‌اش تعریف کردند.,hame ?az hasane saliqeaS ta?rif kardand,hame ?az hasane saliqeaS ta?rif kardand
19402,19402,تُنگ پر از گل‌های زیبا بود.,تنگ پر از گل‌های زیبا بود.,tong por ?az golhAye zibA bud,tong por ?az golhAye zibA bud
70590,70590,او ضِمْن صحبت‌هایش نکته‌ای گفت.,او ضمن صحبت‌هایش نکته‌ای گفت.,?u zemene sohbathAyaS nokte?i goft,?u zemneye sohbathAyaS nokte?i goft
15126,15126,بوی تُسْت تازه پیچیده بود.,بوی تست تازه پیچیده بود.,buye teste tAze piCide bud,buye teste tAze piCide bud
186382,186382,گَرْم همیشه در داستان‌های قدیمی ذکر شده‌است.,گرم همیشه در داستان‌های قدیمی ذکر شده‌است.,gerdam hamiSe dar dAstAnhAye qadimi zekr Sodeast,garme hamiSe dar dAstAnhAye qadimi zekr Sodeast
108458,108458,شاگرد از معلم پُرْس کرد.,شاگرد از معلم پرس کرد.,SAgerd ?az mo?allem peres kard,SAgerd ?az mo?allem peres kard
63256,63256,شِیر تازه در یخچال است.,شیر تازه در یخچال است.,Sire tAze dar yaxCAl ?ast,Sire tAze dar yaxCAl ?ast
159204,159204,با وجود پیشنهاد مناسب، از معامله اِبا کرد.,با وجود پیشنهاد مناسب، از معامله ابا کرد.,bA vojude piSnehAde monAseb ?az mo?Amele ?ebA kard,bA vojude piSnehAde monAseb ?az mo?Amele ?ebA kard
2413,2413,لبخند بَر لبش نشست.,لبخند بر لبش نشست.,labxand bar labaS neSast,labxand bar labaS neSast
14995,14995,نتیجه تِسْت را فردا اعلام می‌کنند.,نتیجه تست را فردا اعلام می‌کنند.,natijeye tesbat rA fardA ?elAm mikonand,natijeye test rA fardA ?elAm mikonand
33625,33625,حیوان دُم بلندی داشت.,حیوان دم بلندی داشت.,heyvAne dome bolandi dASt,heyvAne dome bolandi dASt
163060,163060,صدای اُرگ در سالن طنین‌انداز شد.,صدای ارگ در سالن طنین‌انداز شد.,sedAye ?org dar sAlone tanin ?andAz Sod,sedAye ?org dar sAlone tanin ?andAz Sod
184679,184679,کُلُفت همیشه به فرزندانش مهربانی می‌کرد.,کلفت همیشه به فرزندانش مهربانی می‌کرد.,kolfat hamiSe be farzandAnaS mehrabAni mikard,kolfat hamiSe be farzandAnaS mehrabAni mikard
123677,123677,مدار کُره مشخص بود.,مدار کره مشخص بود.,madAre kore moSaxxas bud,madAre kore moSaxxas bud
180348,180348,وقتی اسم هُل را می‌شنوم یاد کودکی‌ام می‌افتم.,وقتی اسم هل را می‌شنوم یاد کودکی‌ام می‌افتم.,vaqti ?esme hel rA miSenavam yAde kudakiam mioftam,vaqti ?esme hel rA miSenavam yAde kudakiam mioftam
170643,170643,دوران در فرهنگ ما جایگاه ویژه‌ای دارد.,دوران در فرهنگ ما جایگاه ویژه‌ای دارد.,davarAn dar farhange mA jAygAhe vizhei dArad,davarAn dar farhange mA jAygAhe vizhei dArad
181061,181061,کتابی درباره‌ی پِرِس خوانده‌ام که خیلی جالب بود.,کتابی درباره‌ی پرس خوانده‌ام که خیلی جالب بود.,ketAbi darbAreye pors xAnde ?am ke xeili jAleb bud,ketAbi darbAreye pors xAnde ?am ke xeili jAleb bud
4314,4314,امیدوارم به موقع بِرِس.,امیدوارم به موقع برس.,?omidvAram bemoqe? beres,?omidvAram bemoqe? beres
97725,97725,یک میل آهنی وسط سالن بود.,یک میل آهنی وسط سالن بود.,yek meyle ?Ahani vasate sAlon bud,yek meyle ?Ahani vasate sAlon bud
187018,187018,گَلّه در فرهنگ ما جایگاه ویژه‌ای دارد.,گله در فرهنگ ما جایگاه ویژه‌ای دارد.,galle dar farhange mA jAygAhe vizhei dArad,galle dar farhange mA jAygAhe vizhei dArad
6612,6612,او بَعد از امتحان رفت.,او بعد از امتحان رفت.,?u ba?d ?az ?emtehAn raft,?u ba?d ?az ?emtehAn raft
136757,136757,کَلَم سفید خوشمزه است.,کلم سفید خوشمزه است.,kalame sefid xoSmaze ?ast,kalame sefid xoSmaze ?ast
148886,148886,گُل خشک‌شده را قاب کرد.,گل خشک‌شده را قاب کرد.,gele xoSk Sode rA qAb kard,gele xoSk Sode rA qAb kard
87819,87819,مُراجِع زیادی در صف بودند.,مراجع زیادی در صف بودند.,marAjeye ziyAdi dar saf budand,marAjeye ziyAdi dar saf budand
81203,81203,در فیلم، بازیگر لُخْت بود.,در فیلم، بازیگر لخت بود.,dar filme bAzigar loxt bud,dar film bAzigare loxt bud
9201,9201,بِلا در مدرسه جدید ثبت‌نام کرد.,بلا در مدرسه جدید ثبت‌نام کرد.,balA dar madreseye jadid sabte nAm kard,balA dar madreseye jadid sabte nAm kard
93815,93815,مِهر و محبتش را حس کردم.,مهر و محبتش را حس کردم.,mehr ?o mohabbataS rA hes kardam,mehr ?o mohabbataS rA hes kardam
102915,102915,نَه، این کار درست نیست.,نه، این کار درست نیست.,na ?in kAr dorost nist,na ?in kAr dorost nist
46973,46973,گله در اثر صدا رَم کرد.,گله در اثر صدا رم کرد.,gele dar ?asare sedA ram kard,gele dar ?asare sedA ram kard
34792,34792,مردم دِه مهمان‌نواز بودند.,مردم ده مهمان‌نواز بودند.,mardome deh mehmAnnavAz budand,mardome deh mehmAnnavAz budand
109568,109568,پِرِس آهن را تغییر شکل داد.,پرس آهن را تغییر شکل داد.,pors ?Ahan rA taqire Sekl dAd,pors ?Ahan rA taqire Sekl dAd
44804,44804,دوستم دیروز سفر رَفت.,دوستم دیروز سفر رفت.,dustam diruz safar raft,dustam diruz safar raft
33171,33171,حیوان دُم بلندی داشت.,حیوان دم بلندی داشت.,heyvAne dome bolandi dASt,heyvAne dome bolandi dASt
57442,57442,سِحر و افسون در داستان وجود داشت.,سحر و افسون در داستان وجود داشت.,sehr va ?afsun dar dAstAn vojud dASt,sehr va ?afsun dar dAstAn vojud dASt
139788,139788,با دقت رفتار کُن.,با دقت رفتار کن.,bA deqqat raftAr kon,bA deqqat raftAr kon
67988,67988,مسئله ضَرب را حل کن.,مسئله ضرب را حل کن.,mas?ale zarb rA hal kon,mas?ale zarb rA hal kon
130267,130267,مرده را با کَفَن دفن کردند.,مرده را با کفن دفن کردند.,morde rA bA kafn dafn kardand,morde rA bA kafn dafn kardand
70559,70559,او ضِمْن صحبت‌هایش نکته‌ای گفت.,او ضمن صحبت‌هایش نکته‌ای گفت.,?u zemene sohbathAyaS nokte?i goft,?u zemneye sohbathAyaS nokte?i goft
1295,1295,طراح لباس از مدل‌های قدیمی اِپُل استفاده کرده.,طراح لباس از مدل‌های قدیمی اپل استفاده کرده.,tarAhe lebAs ?az modelhAye qadimiye ?epol ?estefAde karde,tarAhe lebAs ?az modelhAye qadimiye ?epol ?estefAde karde
58889,58889,غذای کافی برای سیر شدن بود.,غذای کافی برای سیر شدن بود.,qazAye kAfi barAye sir Sodan bud,qazAye kAfi barAye sir Sodan bud
137133,137133,کسی با من کَلَّم نکرد.,کسی با من کلم نکرد.,kasi bA man kalam nakard,kasi bA man kalam nakard
124281,124281,کُرْک لباس در نور برق می‌زد.,کرک لباس در نور برق می‌زد.,kore ke lebAs dar nure barq mizad,korke lebAs dar nure barq mizad
154583,154583,خورش گوشت خوشمزه شد.,خورش گوشت خوشمزه شد.,xoreSe guSte xoSmaze Sod,xoreSe guSte xoSmaze Sod
129175,129175,مسافران سوار کِشتی شدند.,مسافران سوار کشتی شدند.,mosaferAn savAre kaSti Sodand,mosaferAn savAre kaSti Sodand
11168,11168,بِن در دانشگاه برتر درس می‌خواند.,بن در دانشگاه برتر درس می‌خواند.,ben dar dAneSgah bartar dars mixAnad,ben dar dAneSgah bartar dars mixAnad
60423,60423,لباسش شُل و راحت بود.,لباسش شل و راحت بود.,lebAsaS Sal ?o rAhat bud,lebAsaS Sal ?o rAhat bud
117122,117122,بوی پِهِن می‌آمد.,بوی پهن می‌آمد.,buye pehen miAmad,buye pehen miAmad
93370,93370,با مِهر به او نگاه کرد.,با مهر به او نگاه کرد.,bA mehr be ?u negA kard,bA mehr be ?u negA kard
161244,161244,این سیستم یک اَبَر رایانه است.,این سیستم یک ابر رایانه است.,?in sistem yek ?abare rAyAne ?ast,?in sistem yek ?abare rAyAne ?ast
161931,161931,اَبَر مخترع قرن بیست و یکم شناخته شد.,ابر مخترع قرن بیست و یکم شناخته شد.,?abare moxtare? qarne bist ?o yekom SenAxte Sod,?abare moxtare? qarne bist ?o yekom SenAxte Sod
92708,92708,مُهر رسمی روی نامه بود.,مهر رسمی روی نامه بود.,mohre rasmi ruye nAme bud,mohre rasmi ruye nAme bud
168686,168686,همه از خَر احترام می‌گذارند.,همه از خر احترام می‌گذارند.,hame ?az xar ?ehterAm migozArand,hame ?az xar ?ehterAm migozArand
140939,140939,داروی ضد کَک خریدند.,داروی ضد کک خریدند.,dAruye zedde kak xaridand,dAruye zedde kak xaridand
94124,94124,مَکیدن آب‌نبات لذت‌بخش است.,مکیدن آب‌نبات لذت‌بخش است.,makidane ?Ab nabAt lezzatbaxS ?ast,makidane ?Ab nabAt lezzatbaxS ?ast
189718,189718,امروز درباره‌ی تَک در کلاس صحبت شد.,امروز درباره‌ی تک در کلاس صحبت شد.,?emruz darbAreye tak dar kelAs sohbat Sod,?emruz darbAreye tak dar kelAs sohbat Sod
36887,36887,خطی دُور تصویر کشیدند.,خطی دور تصویر کشیدند.,xatti dure tasvir keSidand,xatti dure tasvir keSidand
144941,144941,هوا گَرْم شده است.,هوا گرم شده است.,havA garm Sode ?ast,havA garm Sode ?ast
35570,35570,عدد دَه عددی زوج است.,عدد ده عددی زوج است.,?adade dah ?adadiye zoj ?ast,?adade dah ?adadiye zoj ?ast
39350,39350,دوران سختی را پشت سر گذاشت.,دوران سختی را پشت سر گذاشت.,dorAne saxti rA poSte sar gozASt,dorAne saxti rA poSte sar gozASt
130232,130232,خرید کَفَن بر عهده او بود.,خرید کفن بر عهده او بود.,xarid kafan bar ?ohdeye ?u bud,xarid kafan bar ?ohdeye ?u bud
172561,172561,زَوار همیشه در داستان‌های قدیمی ذکر شده‌است.,زوار همیشه در داستان‌های قدیمی ذکر شده‌است.,zavAr hamiSe dar dAstAnhAye qadimi zekr Sodeast,zavAr hamiSe dar dAstAnhAye qadimi zekr Sodeast
9624,9624,بِلا در فیلم نقش اول را داشت.,بلا در فیلم نقش اول را داشت.,balA dar film naqSe ?avval rA dASt,balA dar film naqSe ?avval rA dASt
152964,152964,او عضو یک گَنگ خطرناک بود.,او عضو یک گنگ خطرناک بود.,?u ?ozve yek gange xatarnAk bud,?u ?ozve yek gange xatarnAk bud
174875,174875,شُل همیشه به فرزندانش مهربانی می‌کرد.,شل همیشه به فرزندانش مهربانی می‌کرد.,Sol hamiSe be farzandAnaS mehrabAni mikard,Sol hamiSe be farzandAnaS mehrabAni mikard
32871,32871,لحظه‌ای دَم نزد.,لحظه‌ای دم نزد.,lahzei dam nazad,lahzei dam nazad
1586,1586,لباس رسمی با اِپُل بلند تهیه شد.,لباس رسمی با اپل بلند تهیه شد.,lebAse rasmi bA ?epole bolande tahiyye Sod,lebAse rasmi bA ?epole bolande tahiyye Sod
37322,37322,صدایش از دور می‌آمد.,صدایش از دور می‌آمد.,sedAS ?az dur miAmad,sedAS ?az dur miAmad
159104,159104,همیشه از مواجهه مستقیم با مشکل اِبا دارد.,همیشه از مواجهه مستقیم با مشکل ابا دارد.,hamiSe ?az movAjehe mostaqim bA moSkel ?ebA dArad,hamiSe ?az movAjehe mostaqim bA moSkel ?ebA dArad
3422,3422,بازی با یک بُر آغاز شد.,بازی با یک بر آغاز شد.,bAzi bA yek bar ?AqAz Sod,bAzi bA yek bar ?AqAz Sod
124638,124638,کُرْک لباس در نور برق می‌زد.,کرک لباس در نور برق می‌زد.,kore ke lebAs dar nure barq mizad,korke lebAs dar nure barq mizad
91980,91980,او چند مِلْک در شهر دارد.,او چند ملک در شهر دارد.,?u Cand melk dar Sahr dArad,?u Cand melk dar Sahr dArad
157477,157477,یُد در داروخانه یافت می‌شود.,ید در داروخانه یافت می‌شود.,yed dar dAruxAne yAft miSavad,yed dar dAruxAne yAft miSavad
45108,45108,زمین را تمیز رُفت.,زمین را تمیز رفت.,zamin rA tamiz raft,zamin rA tamiz raft
143482,143482,گُردان به مرز اعزام شد.,گردان به مرز اعزام شد.,gordAn be marze ?e?zAm Sod,gordAn be marze ?e?zAm Sod
128677,128677,کُشتی ورزش ملی ایران است.,کشتی ورزش ملی ایران است.,koSti varzeSe melliye ?irAn ?ast,koSti varzeSe melliye ?irAn ?ast
190290,190290,جِرم همیشه به فرزندانش مهربانی می‌کرد.,جرم همیشه به فرزندانش مهربانی می‌کرد.,jorm hamiSe be farzandAnaS mehrabAni mikard,jorm hamiSe be farzandAnaS mehrabAni mikard
43474,43474,گیاهان در بهار رُسْتَن می‌کنند.,گیاهان در بهار رستن می‌کنند.,giyAhAn dar bahAr restan mikonand,giyAhAn dar bahAr restan mikonand
187379,187379,دیروز با گُنگ صحبت کردم و چیزهای جالبی گفت.,دیروز با گنگ صحبت کردم و چیزهای جالبی گفت.,diruz bA gong sohbat kardam va CizhAye jAlebi goft,diruz bA gong sohbat kardam va CizhAye jAlebi goft
109376,109376,لباس را با پِرِس صاف کرد.,لباس را با پرس صاف کرد.,lebAs rA bA pors sAf kard,lebAs rA bA pors sAf kard
86526,86526,بدون ذکر مَراجِع مقاله ناقص است.,بدون ذکر مراجع مقاله ناقص است.,beduneye zekr marAjeye?e maqAle nAqes ?ast,beduneye zekr marAjeye?e maqAle nAqes ?ast
37774,37774,صدایش از دور می‌آمد.,صدایش از دور می‌آمد.,sedAS ?az dur miAmad,sedAS ?az dur miAmad
4607,4607,ببینم کی می‌تونی بِرِس خونه.,ببینم کی می‌تونی برس خونه.,bebinam ki mituni beres xAne,bebinam ki mituni beres xAne
38144,38144,دَوَران سیاره‌ها شگفت‌انگیز است.,دوران سیاره‌ها شگفت‌انگیز است.,dorAne sayyArehA Segeft ?angiz ?ast,dorAne sayyArehA Segeft ?angiz ?ast
173096,173096,سُر در فرهنگ ما جایگاه ویژه‌ای دارد.,سر در فرهنگ ما جایگاه ویژه‌ای دارد.,ser dar farhange mA jAygAhe vizhei dArad,sardar farhange mA jAygAhe vizhei dArad
18165,18165,او در تَنگنا قرار گرفت.,او در تنگنا قرار گرفت.,?u dar tangnA qarAr gereft,?u dar tangnA qarAr gereft
190637,190637,کتابی درباره‌ی جُم خوانده‌ام که خیلی جالب بود.,کتابی درباره‌ی جم خوانده‌ام که خیلی جالب بود.,ketAbi darbAreye jam xAnde ?am ke xeili jAleb bud,ketAbi darbAreye jam xAnde ?am ke xeili jAleb bud
104576,104576,در را هُل داد تا باز شود.,در را هل داد تا باز شود.,dar rA hol dAd tA bAz Savad,dar rA hol dAd tA bAz Savad
3967,3967,ورق‌ها را بُر زدند.,ورق‌ها را بر زدند.,varaqhA rA bor zadand,varaqhA rA bor zadand
184080,184080,تَرَک در فرهنگ ما جایگاه ویژه‌ای دارد.,ترک در فرهنگ ما جایگاه ویژه‌ای دارد.,tarak dar farhange mA jAygAhe vizhei dArad,tarak dar farhange mA jAygAhe vizhei dArad
164380,164380,در این برنامه اَشکال زیادی وجود دارد.,در این برنامه اشکال زیادی وجود دارد.,dar ?in barnAme ?eSkAle ziyAdi vojud dArad,dar ?in barnAme ?eSkAle ziyAdi vojud dArad
89311,89311,پدرش ناگهانی مُرد.,پدرش ناگهانی مرد.,pedaraS nAgahAniye mord,pedaraS nAgahAniye mord
836,836,او از طرفداران محصولات اَپِل است.,او از طرفداران محصولات اپل است.,?u ?az tarafdArAne mahasulAte ?apel ?ast,?u ?az tarafdArAne mahasulAte ?apel ?ast
50881,50881,سطح میز زِبْر بود.,سطح میز زبر بود.,sathe mize zabr bud,sathe mize zebr bud
16097,16097,او تَن خسته‌ای داشت.,او تن خسته‌ای داشت.,?u tane xastei dASt,?u tane xastei dASt
17508,17508,یک تُن آهن خریدند.,یک تن آهن خریدند.,yek ton ?Ahan xaridand,yek ton ?Ahan xaridand
39515,39515,دوران سختی را پشت سر گذاشت.,دوران سختی را پشت سر گذاشت.,dorAne saxti rA poSte sar gozASt,dorAne saxti rA poSte sar gozASt
29574,29574,خِر خودرو پوسیده بود.,خر خودرو پوسیده بود.,xare xodro puside bud,xare xodro puside bud
21879,21879,نقشه تو کیف گم شد.,نقشه تو کیف گم شد.,naqSeye to keyf gom Sod,naqSeye to keyf gom Sod
58004,58004,او با یک لقمه سیر شد.,او با یک لقمه سیر شد.,?u bA yek loqme sir Sod,?u bA yek loqme sir Sod
182272,182272,امروز درباره‌ی کَر در کلاس صحبت شد.,امروز درباره‌ی کر در کلاس صحبت شد.,?emruz darbAreye kor dar kelAs sohbat Sod,?emruz darbAreye kor dar kelAs sohbat Sod
40799,40799,احترام به دین دیگران واجب است.,احترام به دین دیگران واجب است.,?ehterAm be dine digarAn vAjeb ?ast,?ehterAm be dine digarAn vAjeb ?ast
40630,40630,مطالعه دین‌های مختلف جالب است.,مطالعه دین‌های مختلف جالب است.,motAle?e dinhAye moxtalefe jAleb ?ast,motAle?e dinhAye moxtalefe jAleb ?ast
24508,24508,او شادی را در دل طبیعت می‌جُست.,او شادی را در دل طبیعت می‌جست.,?u SAdi rA dar dele tabi?at mijost,?u SAdi rA dar dele tabi?at mijost
62132,62132,شیر وحشی حمله کرد.,شیر وحشی حمله کرد.,Sire vahSi hamle kard,Sire vahSi hamle kard
125973,125973,کِرَک کف اتاق دیده می‌شد.,کرک کف اتاق دیده می‌شد.,karake kafe ?otAq dide miSod,karake kafe ?otAq dide miSod
163714,163714,کودک از صدای اُرگ لذت برد.,کودک از صدای ارگ لذت برد.,kudak ?az sedAye ?arg lezzat bord,kudak ?az sedAye ?arg lezzat bord
81026,81026,در فیلم، بازیگر لُخْت بود.,در فیلم، بازیگر لخت بود.,dar filme bAzigar loxt bud,dar film bAzigare loxt bud
159206,159206,با وجود پیشنهاد مناسب، از معامله اِبا کرد.,با وجود پیشنهاد مناسب، از معامله ابا کرد.,bA vojude piSnehAde monAseb ?az mo?Amele ?ebA kard,bA vojude piSnehAde monAseb ?az mo?Amele ?ebA kard
72340,72340,طُول لباس بلند بود.,طول لباس بلند بود.,tule lebAse boland bud,tule lebAse boland bud
13923,13923,گفتم بِهِت اعتماد دارم.,گفتم بهت اعتماد دارم.,goftam boht ?e?temAd dAram,goftam boht ?e?temAd dAram
76745,76745,بی‌عُذْر نیاید سر کلاس.,بی‌عذر نیاید سر کلاس.,bi ?ozr nayAyad sare kelAs,bi ?ozr nayAyad sare kelAs
132858,132858,کَل بودن ارثی است.,کل بودن ارثی است.,kal budan ?ersi ?ast,kal budan ?ersi ?ast
121623,121623,گروه کُر زیبا خواندند.,گروه کر زیبا خواندند.,goruhe kor zibA xAndand,goruhe kor zibA xAndand
10826,10826,آب از بُن چاه بالا کشیده شد.,آب از بن چاه بالا کشیده شد.,?Ab ?az bene CAh bAlA keshide Sod,?Ab ?az bene CAh bAlA keshide Sod
144865,144865,گَرْم بودن باعث خواب‌آلودگی شد.,گرم بودن باعث خواب‌آلودگی شد.,garm budan bA?ese xAbAludegi Sod,garm budan bA?ese xAbAludegi Sod
173270,173270,امروز درباره‌ی سِر در کلاس صحبت شد.,امروز درباره‌ی سر در کلاس صحبت شد.,?emruz darbAreye sar dar kelAs sohbat Sod,?emruz darbAreye sardare kelAs sohbat Sod
18565,18565,تَنگ نظری باعث ناراحتی شد.,تنگ نظری باعث ناراحتی شد.,tonge nazari bA?ese nArAhati Sod,tange nazari bA?ese nArAhati Sod
152443,152443,پلیس گَنگ را متلاشی کرد.,پلیس گنگ را متلاشی کرد.,polis gong rA motelASi kard,polis gong rA motelASi kard
80226,80226,دارو برای جلوگیری از لَخْت تجویز شد.,دارو برای جلوگیری از لخت تجویز شد.,dAru barAye jelogiri ?az loxt tajviz Sod,dAru barAye jelogiri ?az loxt tajviz Sod
74551,74551,او به عَدْل معتقد است.,او به عدل معتقد است.,?u be ?adle mo?taqed ?ast,?u be ?adle mo?taqed ?ast
190486,190486,هیچ‌کس مثل جَستَن نمی‌تواند خانواده را هدایت کند.,هیچ‌کس مثل جستن نمی‌تواند خانواده را هدایت کند.,hiC kas mesleye jostan nemitavAnad xAnevAde rA hedAyat konad,hiC kas mesleye jostan nemitavAnad xAnevAde rA hedAyat konad
128953,128953,تمرین کُشتی روزانه دارد.,تمرین کشتی روزانه دارد.,tamrine koSti ruzAne dArad,tamrine koSti ruzAne dArad
43489,43489,بذرها شروع به رُسْتَن کردند.,بذرها شروع به رستن کردند.,bazrhA Soru? be resetan kardand,bazrhA Soru? be rastan kardand
150288,150288,گَلّه گاو در مزرعه بودند.,گله گاو در مزرعه بودند.,galleye gAv dar mazra?e budand,galleye gAv dar mazra?e budand
114023,114023,پِلِّه‌ها را تمیز کردند.,پله‌ها را تمیز کردند.,pellehA rA tamiz kardand,pellehA rA tamiz kardand
22143,22143,دادگاه جُرم را بررسی می‌کند.,دادگاه جرم را بررسی می‌کند.,dAdgAhe jerm rA barresi mikonad,dAdgAhe jerm rA barresi mikonad
26676,26676,این طراحی دارای حُسْن فراوانی است.,این طراحی دارای حسن فراوانی است.,?in tarrAhi dArAye hosne farAvAni ?ast,?in tarrAhi dArAye hasane farAvAni ?ast
74358,74358,عَدْل نشانه انسانیت است.,عدل نشانه انسانیت است.,?adal neshaneye ?ensAniyat ?ast,?adal neshaneye ?ensAniyat ?ast
181278,181278,پُز همیشه به فرزندانش مهربانی می‌کرد.,پز همیشه به فرزندانش مهربانی می‌کرد.,poz hamiSe be farzandAnaS mehrabAni mikard,poz hamiSe be farzandAnaS mehrabAni mikard
127313,127313,زمین را برای کِشت آماده کرد.,زمین را برای کشت آماده کرد.,zamin rA barAye keSt ?AmAde kard,zamin rA barAye keSt ?AmAde kard
75335,75335,یک عِدْل کتاب سفارش داد.,یک عدل کتاب سفارش داد.,yek ?adale ketAb sefAreS dAd,yek ?adle ketAb sefAreS dAd
153821,153821,با گُنگی حرف زد.,با گنگی حرف زد.,bA gongi harf zad,bA gongi harf zad
178230,178230,امروز درباره‌ی مُرد در کلاس صحبت شد.,امروز درباره‌ی مرد در کلاس صحبت شد.,?emruz darbAreye mard dar kelAs sohbat Sod,?emruz darbAreye mard dar kelAs sohbat Sod
48278,48278,رَوِش تدریسش متفاوت بود.,روش تدریسش متفاوت بود.,raveSe tadriseSe motAfevet bud,raveSe tadriseSe motAfevet bud
123987,123987,کُره زمین گرم‌تر شده است.,کره زمین گرم‌تر شده است.,koreye zamin garmtar Sode ?ast,koreye zamin garmtar Sode ?ast
177037,177037,قِسْم همیشه به فرزندانش مهربانی می‌کرد.,قسم همیشه به فرزندانش مهربانی می‌کرد.,qasam hamiSe be farzandAnaS mehrabAni mikard,qasam hamiSe be farzandAnaS mehrabAni mikard
31232,31232,خُلْق آرامش‌بخشش معروف است.,خلق آرامش‌بخشش معروف است.,xalleqe ?ArAmeSbaxSeSe ma?ruf ?ast,xalqe ?ArAmeSbaxSeSe ma?ruf ?ast
7367,7367,بُعد اجتماعی تصمیم اهمیت دارد.,بعد اجتماعی تصمیم اهمیت دارد.,bo?de ?ejtemA?i tasmim ?ahammiat dArad,bo?de ?ejtemA?i tasmim ?ahammiat dArad
135089,135089,دیوار بسیار کُلُفت بود.,دیوار بسیار کلفت بود.,divAr besyAr koloft bud,divAr besyAr koloft bud
57244,57244,با سِحر مردم را فریب داد.,با سحر مردم را فریب داد.,bA sahar mardom rA farib dAd,bA sahar mardom rA farib dAd
88462,88462,پدرم مَرد مهربانی است.,پدرم مرد مهربانی است.,pedaram marde mehrabAni ?ast,pedaram marde mehrabAni ?ast
49750,49750,نور خورشید باعث روش خانه شد.,نور خورشید باعث روش خانه شد.,nure xorSid bA?ese raveSe xAne Sod,nure xorSid bA?ese raveSe xAne Sod
159974,159974,آنها از همکاری با ما اِبا ورزیدند.,آنها از همکاری با ما ابا ورزیدند.,?An hA ?az hamkAri bA mA ?abA varzidand,?An hA ?az hamkAri bA mA ?abA varzidand
47535,47535,موزه‌ای در رُم بازدید شد.,موزه‌ای در رم بازدید شد.,muzei dar rom bAzdid Sod,muzei dar rom bAzdid Sod
130118,130118,مرده را با کَفَن دفن کردند.,مرده را با کفن دفن کردند.,morde rA bA kafn dafn kardand,morde rA bA kafn dafn kardand
158291,158291,اَبا همیشه برای فرزندانش فداکاری می‌کرد.,ابا همیشه برای فرزندانش فداکاری می‌کرد.,?ebA hamiSe barAye farzandAnaS fadAkAri mikard,?ebA hamiSe barAye farzandAnaS fadAkAri mikard
173346,173346,سَروَر در فرهنگ ما جایگاه ویژه‌ای دارد.,سرور در فرهنگ ما جایگاه ویژه‌ای دارد.,server dar farhange mA jAygAhe vizhei dArad,server dar farhange mA jAygAhe vizhei dArad
19304,19304,تُنگ بلوری روی میز بود.,تنگ بلوری روی میز بود.,tonge boluri ruye miz bud,tonge boluri ruye miz bud
93919,93919,مِهر و محبتش را حس کردم.,مهر و محبتش را حس کردم.,mehr ?o mohabbataS rA hes kardam,mehr ?o mohabbataS rA hes kardam
94952,94952,آب‌نبات را آرام مَک زد.,آب‌نبات را آرام مک زد.,?Ab nabAt rA ?ArAm mak zad,?Ab nabAt rA ?ArAm mak zad
169929,169929,امروز درباره‌ی دِه در کلاس صحبت شد.,امروز درباره‌ی ده در کلاس صحبت شد.,?emruz darbAreye dah dar kelAs sohbat Sod,?emruz darbAreye dah dar kelAs sohbat Sod
129628,129628,مسافران سوار کِشتی شدند.,مسافران سوار کشتی شدند.,mosaferAn savAre kaSti Sodand,mosaferAn savAre kaSti Sodand
51754,51754,کتاب زِبَر قفسه بود.,کتاب زبر قفسه بود.,ketAbe zabre qafase bud,ketAbe zabre qafase bud
2268,2268,او کتاب را بَر میز گذاشت.,او کتاب را بر میز گذاشت.,?u ketAb rA bar miz gozASt,?u ketAb rA bar miz gozASt
18659,18659,کفش تَنگ پایش را اذیت کرد.,کفش تنگ پایش را اذیت کرد.,kafSe tong pAyaS rA ?aziyat kard,kafSe tong pAyaS rA ?aziyat kard
13684,13684,از وقتی بِهِت گفتم، ناراحت شدی.,از وقتی بهت گفتم، ناراحت شدی.,?az vaqti boht goftam nArAhat Sodi,?az vaqti boht goftam nArAhat Sodi
126448,126448,او بی‌گناه را کُشت.,او بی‌گناه را کشت.,?u bigonAh rA koSt,?u bigonAh rA koSt
5900,5900,هر روز از یک بُرِس جدید استفاده می‌کند.,هر روز از یک برس جدید استفاده می‌کند.,har ruz ?az yek borese jadid ?estefAde mikonad,har ruz ?az yek borese jadid ?estefAde mikonad
85702,85702,برای لِنگ راستش عصا گرفت.,برای لنگ راستش عصا گرفت.,barAye long rAsteS ?asA gereft,barAye long rAsteS ?asA gereft
22046,22046,او به خاطر جُرمش بازداشت شد.,او به خاطر جرمش بازداشت شد.,?u bexAtere jormaS bAzdASt Sod,?u bexAtere jormaS bAzdASt Sod
174944,174944,شُل همیشه در داستان‌های قدیمی ذکر شده‌است.,شل همیشه در داستان‌های قدیمی ذکر شده‌است.,Sol hamiSe dar dAstAnhAye qadimi zekr Sodeast,Sol hamiSe dar dAstAnhAye qadimi zekr Sodeast
123529,123529,کُره زمین گرم‌تر شده است.,کره زمین گرم‌تر شده است.,koreye zamin garmtar Sode ?ast,koreye zamin garmtar Sode ?ast
13362,13362,از وقتی بِهِت گفتم، ناراحت شدی.,از وقتی بهت گفتم، ناراحت شدی.,?az vaqti boht goftam nArAhat Sodi,?az vaqti boht goftam nArAhat Sodi
86687,86687,بدون ذکر مَراجِع مقاله ناقص است.,بدون ذکر مراجع مقاله ناقص است.,beduneye zekr marAjeye?e maqAle nAqes ?ast,beduneye zekr marAjeye?e maqAle nAqes ?ast
32950,32950,یک دَم صبر کن.,یک دم صبر کن.,yek dame sabr kon,yek dam sabr kon
151989,151989,گِله‌ات را قبول دارم.,گله‌ات را قبول دارم.,galleat rA qabul dAram,galleat rA qabul dAram
179220,179220,بُن همیشه در داستان‌های قدیمی ذکر شده‌است.,بن همیشه در داستان‌های قدیمی ذکر شده‌است.,ben hamiSe dar dAstAnhAye qadimi zekr Sodeast,ben hamiSe dar dAstAnhAye qadimi zekr Sodeast
164369,164369,در این برنامه اَشکال زیادی وجود دارد.,در این برنامه اشکال زیادی وجود دارد.,dar ?in barnAme ?eSkAle ziyAdi vojud dArad,dar ?in barnAme ?eSkAle ziyAdi vojud dArad
130800,130800,کَفَن سفید آماده شد.,کفن سفید آماده شد.,kafane sefid ?AmAde Sod,kafane sefid ?AmAde Sod
103877,103877,جلسه ساعت نُه برگزار می‌شود.,جلسه ساعت نه برگزار می‌شود.,jalaseye sA?ate noh bargozAr miSavad,jalaseye sA?ate noh bargozAr miSavad
175813,175813,کتابی درباره‌ی غَنا خوانده‌ام که خیلی جالب بود.,کتابی درباره‌ی غنا خوانده‌ام که خیلی جالب بود.,ketAbi darbAreye qanA xAnde ?am ke xeili jAleb bud,ketAbi darbAreye qanA xAnde ?am ke xeili jAleb bud
180407,180407,کتابی درباره‌ی هُل خوانده‌ام که خیلی جالب بود.,کتابی درباره‌ی هل خوانده‌ام که خیلی جالب بود.,ketAbi darbAreye hel xAnde ?am ke xeili jAleb bud,ketAbi darbAreye hel xAnde ?am ke xeili jAleb bud
70807,70807,در ضِمْن سخنرانی خندید.,در ضمن سخنرانی خندید.,dar zemneye soxanrAni xandid,dar zemneye soxanrAni xandid
37832,37832,خانه‌شان خیلی دور است.,خانه‌شان خیلی دور است.,xAneSAn xeyli dur ?ast,xAneSAn xeyli dur ?ast
174983,174983,شُل در فرهنگ ما جایگاه ویژه‌ای دارد.,شل در فرهنگ ما جایگاه ویژه‌ای دارد.,Sol dar farhange mA jAygAhe vizhei dArad,Sol dar farhange mA jAygAhe vizhei dArad
79913,79913,او قَسَم یاد کرد که راست بگوید.,او قسم یاد کرد که راست بگوید.,?u qasam yAd kard ke rAst beguyad,?u qasam yAd kard ke rAst beguyad
85988,85988,لِنگ چپش را گم کرده بود.,لنگ چپش را گم کرده بود.,long CapaS rA gom karde bud,long CapaS rA gom karde bud
106759,106759,لباسش پَر داشت.,لباسش پر داشت.,lebAsaS par dASt,lebAsaS par dASt
12408,12408,در بُهْت کامل به او خیره شد.,در بهت کامل به او خیره شد.,dar behet kAmel be ?u xire Sod,dar boht kAmel be ?u xire Sod
143332,143332,او فرمانده یک گُردان بود.,او فرمانده یک گردان بود.,?u farmAndehye yek gordAn bud,?u farmAndehye yek gordAn bud
40318,40318,دین نقش مهمی در فرهنگ دارد.,دین نقش مهمی در فرهنگ دارد.,din naqSe mohemmi dar farhang dArad,din naqSe mohemmi dar farhang dArad
162067,162067,در شهر قدیمی، اَرگ بلندی وجود دارد.,در شهر قدیمی، ارگ بلندی وجود دارد.,dar Sahre qadimi ?arge bolandi vojud dArad,dar Sahre qadimi ?arge bolandi vojud dArad
148934,148934,گُل زیبا در باغ شکفت.,گل زیبا در باغ شکفت.,ole zibA dar bAq Sekoft,ole zibA dar bAq Sekoft
89646,89646,بر اثر تصادف مُرد.,بر اثر تصادف مرد.,bar ?asare tasAdof mard,bar ?asare tasAdof mard
110612,110612,خوراک با پَز مناسب پخته شد.,خوراک با پز مناسب پخته شد.,xorAk bA paze monAsebe poxte Sod,xorAk bA paze monAsebe poxte Sod
12513,12513,بُهْت چهره‌اش را فرا گرفت.,بهت چهره‌اش را فرا گرفت.,boht CehreaS rA farA gereft,boht CehreaS rA farA gereft
